<?xml version="1.0" encoding="UTF-8"?>
<!DOCTYPE fontscolors PUBLIC "-//NetBeans//DTD Editor Fonts and Colors settings 1.1//EN" "http://www.netbeans.org/dtds/EditorFontsColors-1_1.dtd">
<fontscolors>
    <fontcolor bgColor="black" name="nbeditor-bracesMatching-match"/>
    <fontcolor name="text-limit-line-color"/>
    <fontcolor foreColor="lightGray" name="code-folding"/>
    <fontcolor foreColor="magenta" name="synchronized-text-blocks-ext"/>
    <fontcolor bgColor="ffff4646" name="nbeditor-bracesMatching-mismatch"/>
    <fontcolor bgColor="ff2d2d2d" name="highlight-caret-row"/>
    <fontcolor foreColor="white" name="caret-color-overwrite-mode"/>
    <fontcolor foreColor="lightGray" name="status-bar"/>
    <fontcolor name="guarded"/>
    <fontcolor name="trailing-whitespace"/>
    <fontcolor bgColor="ffff4646" name="nbeditor-bracesMatching-mismatch-multichar"/>
    <fontcolor name="code-folding-border"/>
    <fontcolor name="west-sidebars-color"/>
    <fontcolor foreColor="ffff4646" name="status-bar-bold"/>
    <fontcolor foreColor="ff6b8eb2" name="nbeditor-bracesMatching-sidebar"/>
    <fontcolor foreColor="ff7d7d7d" name="line-number"/>
    <fontcolor name="readonly-files"/>
    <fontcolor bgColor="yellow" foreColor="black" name="highlight-search"/>
    <fontcolor foreColor="ff7d7d7d" name="code-folding-bar"/>
    <fontcolor foreColor="magenta" name="synchronized-text-blocks-ext-slave"/>
    <fontcolor name="indent-guide-lines"/>
    <fontcolor name="indent-whitespace"/>
    <fontcolor bgColor="yellow" name="block-search"/>
    <fontcolor bgColor="black" foreColor="white" name="selection"/>
    <fontcolor bgColor="yellow" foreColor="black" name="inc-search"/>
    <fontcolor bgColor="black" name="nbeditor-bracesMatching-match-multichar"/>
    <fontcolor foreColor="white" name="caret-color-insert-mode"/>
    <fontcolor foreColor="cyan" name="hyperlinks"/>
</fontscolors>
