<?xml version="1.0" encoding="UTF-8"?>
<!DOCTYPE fontscolors PUBLIC "-//NetBeans//DTD Editor Fonts and Colors settings 1.1//EN" "http://www.netbeans.org/dtds/EditorFontsColors-1_1.dtd">
<fontscolors>
    <fontcolor bgColor="black" name="mark-occurrences"/>
    <fontcolor foreColor="white" name="identifier"/>
    <fontcolor default="field" name="markup-attribute"/>
    <fontcolor default="identifier" foreColor="ffff4646" name="method"/>
    <fontcolor foreColor="ffc87800" name="string"/>
    <fontcolor default="keyword" name="markup-element"/>
    <fontcolor default="string" name="markup-attribute-value"/>
    <fontcolor name="error" waveUnderlined="ffff5252"/>
    <fontcolor default="default" name="entity-reference">
        <font style="bold"/>
    </fontcolor>
    <fontcolor name="separator"/>
    <fontcolor name="operator"/>
    <fontcolor foreColor="ffc87800" name="url">
        <font style="italic"/>
    </fontcolor>
    <fontcolor foreColor="ff46d2ff" name="number"/>
    <fontcolor bgColor="ff282828" foreColor="lightGray" name="default">
        <font name="Noto Mono" size="15"/>
    </fontcolor>
    <fontcolor default="identifier" foreColor="ff78ff00" name="field"/>
    <fontcolor foreColor="ffc87800" name="char"/>
    <fontcolor name="warning"/>
    <fontcolor foreColor="ff646464" name="comment">
        <font style="italic"/>
    </fontcolor>
    <fontcolor foreColor="ff4678ff" name="keyword"/>
    <fontcolor name="whitespace"/>
</fontscolors>
