<?xml version="1.0" encoding="UTF-8"?>
<!DOCTYPE fontscolors PUBLIC "-//NetBeans//DTD Editor Fonts and Colors settings 1.1//EN" "http://www.netbeans.org/dtds/EditorFontsColors-1_1.dtd">
<fontscolors>
    <fontcolor name="equals"/>
    <fontcolor name="comment"/>
    <fontcolor name="section"/>
    <fontcolor default="error" name="error" waveUnderlined="ffff4646"/>
    <fontcolor name="section_delim">
        <font style="bold"/>
    </fontcolor>
    <fontcolor name="whitespace"/>
    <fontcolor foreColor="orange" name="value"/>
    <fontcolor foreColor="orange" name="key"/>
</fontscolors>
